country,female_medal_share,n_medallists,flfp_pct
Argentina,0.8947368421052632,19,49.6
Australia,0.6178861788617886,123,62.4
Belgium,0.5,10,49.9
Brazil,0.8059701492537313,67,54.5
Canada,0.7192982456140351,57,61.5
China,0.6666666666666666,168,61.1
Denmark,0.47619047619047616,42,58.9
France,0.32620320855614976,187,52.0
Germany,0.5132743362831859,113,56.9
Great Britain,0.5,162,58.4
IR Iran,0.16666666666666666,12,14.2
India,0.09090909090909091,22,32.8
Israel,0.7272727272727273,11,60.3
Italy,0.5113636363636364,88,41.9
Japan,0.43902439024390244,82,55.7
Kenya,0.6363636363636364,11,72.1
Korea,0.5862068965517241,58,54.0
Mexico,0.5,8,45.2
Morocco,0.0,20,20.4
Netherlands,0.5847457627118644,118,58.9
Norway,0.782608695652174,23,61.1
Poland,0.39285714285714285,28,49.8
South Africa,0.13636363636363635,22,50.4
Spain,0.3614457831325301,83,53.8
Sweden,0.4375,16,63.6
Switzerland,0.6,10,63.6
Türkiye,0.5454545454545454,11,34.6
Ukraine,0.625,16,49.2
United States,0.5666666666666667,330,57.5
