game_year,game_season,gender_cat,n,share
1896,Summer,Men,487,1.0
1900,Summer,Men,1311,0.8780977896851976
1900,Summer,Mixed / Open,165,0.11051574012056263
1900,Summer,Women,17,0.011386470194239785
1904,Summer,Men,1137,0.9886956521739131
1904,Summer,Women,13,0.011304347826086957
1908,Summer,Men,1770,0.9719934102141681
1908,Summer,Mixed / Open,16,0.008786381109280615
1908,Summer,Women,35,0.019220208676551345
1912,Summer,Men,2299,0.9345528455284553
1912,Summer,Mixed / Open,126,0.05121951219512195
1912,Summer,Women,35,0.014227642276422764
1920,Summer,Men,1452,0.8784029038112523
1920,Summer,Mixed / Open,142,0.08590441621294616
1920,Summer,Women,59,0.03569267997580157
1924,Summer,Men,2765,0.9110378912685337
1924,Summer,Mixed / Open,175,0.057660626029654036
1924,Summer,Women,95,0.03130148270181219
1924,Winter,Men,347,0.9455040871934605
1924,Winter,Mixed / Open,10,0.027247956403269755
1924,Winter,Women,10,0.027247956403269755
1928,Summer,Men,1814,0.8460820895522388
1928,Summer,Mixed / Open,181,0.08442164179104478
1928,Summer,Women,149,0.06949626865671642
1928,Winter,Men,342,0.912
1928,Winter,Mixed / Open,13,0.034666666666666665
1928,Winter,Women,20,0.05333333333333334
1932,Summer,Men,971,0.850262697022767
1932,Summer,Mixed / Open,66,0.05779334500875657
1932,Summer,Women,105,0.09194395796847636
1932,Winter,Men,330,0.8847184986595175
1932,Winter,Mixed / Open,9,0.024128686327077747
1932,Winter,Women,34,0.09115281501340483
1936,Summer,Men,2532,0.8668264293050325
1936,Summer,Mixed / Open,211,0.07223553577541937
1936,Summer,Women,178,0.0609380349195481
1936,Winter,Men,551,0.8555900621118012
1936,Winter,Mixed / Open,19,0.029503105590062112
1936,Winter,Women,74,0.11490683229813664
1948,Summer,Men,2691,0.858647096362476
1948,Summer,Mixed / Open,216,0.06892150606253988
1948,Summer,Women,227,0.07243139757498404
1948,Winter,Men,718,0.8387850467289719
1948,Winter,Mixed / Open,15,0.017523364485981307
1948,Winter,Women,123,0.14369158878504673
1952,Summer,Men,3458,0.7475140510159966
1952,Summer,Mixed / Open,244,0.0527453523562473
1952,Summer,Women,924,0.19974059662775617
1952,Winter,Men,606,0.7622641509433963
1952,Winter,Mixed / Open,13,0.016352201257861635
1952,Winter,Women,176,0.22138364779874214
1956,Summer,Men,2099,0.7756836659275683
1956,Summer,Mixed / Open,51,0.018847006651884702
1956,Summer,Women,556,0.20546932742054694
1956,Winter,Men,786,0.7698334965719883
1956,Winter,Mixed / Open,12,0.011753183153770812
1956,Winter,Women,223,0.21841332027424093
1960,Summer,Men,2475,0.7807570977917981
1960,Summer,Mixed / Open,289,0.09116719242902208
1960,Summer,Women,406,0.1280757097791798
1960,Winter,Men,648,0.6930481283422459
1960,Winter,Mixed / Open,13,0.013903743315508022
1960,Winter,Women,274,0.293048128342246
1964,Summer,Men,2505,0.7897225725094578
1964,Summer,Mixed / Open,224,0.07061790668348046
1964,Summer,Women,443,0.1396595208070618
1964,Winter,Men,906,0.69002284843869
1964,Winter,Mixed / Open,33,0.02513328255902513
1964,Winter,Women,374,0.28484386900228487
1968,Summer,Men,2747,0.7696833847015971
1968,Summer,Mixed / Open,239,0.0669655365648641
1968,Summer,Women,583,0.1633510787335388
1968,Winter,Men,974,0.6987087517934003
1968,Winter,Mixed / Open,34,0.024390243902439025
1968,Winter,Women,386,0.2769010043041607
1972,Summer,Men,2654,0.6686822877299068
1972,Summer,Mixed / Open,794,0.200050390526581
1972,Summer,Women,521,0.13126732174351222
1972,Winter,Men,840,0.6682577565632458
1972,Winter,Mixed / Open,36,0.028639618138424822
1972,Winter,Women,381,0.3031026252983294
1976,Summer,Men,2502,0.6817438692098092
1976,Summer,Mixed / Open,600,0.16348773841961853
1976,Summer,Women,568,0.15476839237057222
1976,Winter,Men,971,0.6955587392550143
1976,Winter,Mixed / Open,46,0.0329512893982808
1976,Winter,Women,379,0.2714899713467049
1980,Summer,Men,2272,0.7069072806471687
1980,Summer,Mixed / Open,390,0.12134411947728686
1980,Summer,Women,552,0.1717485998755445
1980,Winter,Men,896,0.6798179059180577
1980,Winter,Mixed / Open,43,0.032625189681335355
1980,Winter,Women,379,0.287556904400607
1984,Summer,Men,3441,0.6872378669862192
1984,Summer,Mixed / Open,397,0.079288995406431
1984,Summer,Women,1169,0.23347313760734972
1984,Winter,Men,1141,0.6856971153846154
1984,Winter,Mixed / Open,49,0.029447115384615384
1984,Winter,Women,474,0.2848557692307692
1988,Summer,Men,4362,0.6871455576559546
1988,Summer,Mixed / Open,300,0.04725897920604915
1988,Summer,Women,1686,0.2655954631379962
1988,Winter,Men,1405,0.6761308950914341
1988,Winter,Mixed / Open,52,0.025024061597690085
1988,Winter,Women,621,0.29884504331087586
1992,Summer,Men,4315,0.627362605408549
1992,Summer,Mixed / Open,474,0.06891538237859843
1992,Summer,Women,2089,0.30372201221285255
1992,Winter,Men,1764,0.6338483650736615
1992,Winter,Mixed / Open,57,0.020481494789795184
1992,Winter,Women,962,0.3456701401365433
1994,Winter,Men,1430,0.5834353325173398
1994,Winter,Mixed / Open,59,0.024071807425540596
1994,Winter,Women,962,0.39249286005711953
1996,Summer,Men,4409,0.6195025994098637
1996,Summer,Mixed / Open,365,0.051285654067725166
1996,Summer,Women,2343,0.32921174652241114
1998,Winter,Men,1504,0.5656261752538548
1998,Winter,Mixed / Open,61,0.022940955246333206
1998,Winter,Women,1094,0.41143286949981195
2000,Summer,Men,4145,0.5845437879001552
2000,Summer,Mixed / Open,329,0.04639684106614018
2000,Summer,Women,2617,0.3690593710337047
2002,Winter,Men,1730,0.5751329787234043
2002,Winter,Mixed / Open,64,0.02127659574468085
2002,Winter,Women,1214,0.4035904255319149
2004,Summer,Men,4021,0.5761570425562401
2004,Summer,Mixed / Open,344,0.04929072933084969
2004,Summer,Women,2614,0.37455222811291017
2006,Winter,Men,1852,0.5687960687960688
2006,Winter,Mixed / Open,65,0.01996314496314496
2006,Winter,Women,1339,0.41124078624078625
2008,Summer,Men,4146,0.5633152173913043
2008,Summer,Mixed / Open,301,0.04089673913043478
2008,Summer,Women,2913,0.39578804347826085
2010,Winter,Men,1830,0.5508729680915111
2010,Winter,Mixed / Open,63,0.018964479229379893
2010,Winter,Women,1429,0.43016255267910897
2012,Summer,Men,4055,0.5384411100783428
2012,Summer,Mixed / Open,268,0.03558624352675607
2012,Summer,Women,3208,0.42597264639490107
2014,Winter,Men,2023,0.5518276050190943
2014,Winter,Mixed / Open,93,0.02536824877250409
2014,Winter,Women,1550,0.4228041462084015
2016,Summer,Men,4146,0.5404066736183525
2016,Summer,Mixed / Open,291,0.037930135557872786
2016,Summer,Women,3235,0.4216631908237748
2018,Winter,Men,1897,0.511734556244942
2018,Winter,Mixed / Open,1420,0.38305907742109524
2018,Winter,Women,390,0.10520636633396277
2020,Summer,Men,3297,0.48040215649133033
2020,Summer,Mixed / Open,547,0.07970275389771236
2020,Summer,Women,3019,0.4398950896109573
2022,Winter,Men,1768,0.46723044397463004
2022,Winter,Mixed / Open,351,0.09275898520084566
2022,Winter,Women,1665,0.4400105708245243
