country_code,country,country_long,Gold Medal,Silver Medal,Bronze Medal,Total,wb_name,gdp_usd,gdp_year,population,population_year,gdp_usd_billion,population_million,gdp_per_capita_usd,medals_per_million
USA,United States,United States of America,40,44,42,126,United States,27360935000000.0,2023.0,340110988.0,2024.0,27360.935,340.110988,80447.07746989932,0.37046730169152897
CHN,China,People's Republic of China,40,27,24,91,China,17794781986104.457,2023.0,1408975000.0,2024.0,17794.781986104455,1408.975,12629.5938438258,0.06458595787718023
JPN,Japan,Japan,20,12,13,45,Japan,4212945159781.403,2023.0,123975371.0,2024.0,4212.945159781403,123.975371,33982.113752104866,0.3629753203158392
AUS,Australia,Australia,18,19,16,53,Australia,1723827215334.7063,2023.0,27196812.0,2024.0,1723.8272153347064,27.196812,63383.42947455409,1.948757817644215
FRA,France,France,16,26,22,64,France,3030904089607.8965,2023.0,68551653.0,2024.0,3030.9040896078964,68.551653,44213.435518584745,0.9336025784819514
NED,Netherlands,Netherlands,15,7,12,34,Netherlands,1118124749886.2942,2023.0,17993485.0,2024.0,1118.1247498862942,17.993485,62140.53308107319,1.8895728092695774
GBR,Great Britain,Great Britain,14,22,29,65,United Kingdom,3340032380668.036,2023.0,69226000.0,2024.0,3340.0323806680362,69.226,48248.23593256921,0.9389535723572069
KOR,Korea,Republic of Korea,13,9,10,32,"Korea, Rep.",1712792854202.369,2023.0,51751065.0,2024.0,1712.792854202369,51.751065,33096.76533617944,0.6183447625667221
ITA,Italy,Italy,12,13,15,40,Italy,2254851212731.8047,2023.0,58952704.0,2024.0,2254.8512127318045,58.952704,38248.47818230364,0.6785100137221866
GER,Germany,Germany,12,13,8,33,Germany,4456081016705.961,2023.0,83516593.0,2024.0,4456.081016705961,83.516593,53355.636965530444,0.39513106096174205
NZL,New Zealand,New Zealand,10,7,3,20,New Zealand,253465703232.14597,2023.0,5287500.0,2024.0,253.46570323214596,5.2875,47936.77602499214,3.7825059101654848
CAN,Canada,Canada,9,7,11,27,Canada,2140085567791.4517,2023.0,41288599.0,2024.0,2140.0855677914515,41.288599,51832.36098157391,0.6539335471276223
UZB,Uzbekistan,Uzbekistan,8,2,3,13,Uzbekistan,90889149306.73126,2023.0,36361859.0,2024.0,90.88914930673126,36.361859,2499.5737788524857,0.3575174745603628
HUN,Hungary,Hungary,6,7,6,19,Hungary,212388906458.72397,2023.0,9562065.0,2024.0,212.38890645872397,9.562065,22211.615007712662,1.9870184944360867
ESP,Spain,Spain,5,4,9,18,Spain,1580694712515.714,2023.0,48848840.0,2024.0,1580.6947125157142,48.84884,32358.899669177696,0.3684836733072883
SWE,Sweden,Sweden,4,4,3,11,Sweden,593267701033.4082,2023.0,10569709.0,2024.0,593.2677010334082,10.569709,56129.0477375875,1.0407098246508018
KEN,Kenya,Kenya,4,2,5,11,Kenya,107440575838.04752,2023.0,56432944.0,2024.0,107.44057583804752,56.432944,1903.8626770569956,0.19492160465702446
NOR,Norway,Norway,4,1,3,8,Norway,485513316503.6304,2023.0,5572279.0,2024.0,485.5133165036304,5.572279,87130.11615240916,1.4356782924903797
IRL,Ireland,Ireland,4,0,3,7,Ireland,545629450403.7351,2023.0,5395790.0,2024.0,545.6294504037351,5.39579,101121.32799900202,1.2973077158303048
BRA,Brazil,Brazil,3,7,10,20,Brazil,2173665655937.2737,2023.0,211998573.0,2024.0,2173.6656559372736,211.998573,10253.208902199893,0.09434025765824376
IRI,IR Iran,Islamic Republic of Iran,3,6,3,12,"Iran, Islamic Rep.",401504514718.7182,2023.0,91567738.0,2024.0,401.5045147187182,91.567738,4384.781403235255,0.13105052349332905
UKR,Ukraine,Ukraine,3,5,4,12,Ukraine,178757021386.80896,2023.0,37860221.0,2024.0,178.75702138680896,37.860221,4721.4996813359585,0.3169553606145088
ROU,Romania,Romania,3,4,2,9,Romania,351002579629.6701,2023.0,19051804.0,2024.0,351.0025796296701,19.051804,18423.58758412957,0.47239620982873853
GEO,Georgia,Georgia,3,3,1,7,Georgia,30535530479.022663,2023.0,3699557.0,2024.0,30.535530479022665,3.699557,8253.834304762073,1.8921184347206976
BEL,Belgium,Belgium,3,1,6,10,Belgium,632216577075.1093,2023.0,11858610.0,2024.0,632.2165770751093,11.85861,53312.87369051763,0.8432691521181656
BUL,Bulgaria,Bulgaria,3,1,3,7,Bulgaria,101584384672.78587,2023.0,6441421.0,2024.0,101.58438467278587,6.441421,15770.492981717212,1.0867167353290523
SRB,Serbia,Serbia,3,1,1,5,Serbia,75187125426.73755,2023.0,6586476.0,2024.0,75.18712542673755,6.586476,11415.379852099597,0.7591312865939236
CZE,Czechia,Czechia,3,0,2,5,Czechia,330858339871.6861,2023.0,10905028.0,2024.0,330.8583398716861,10.905028,30339.98077507789,0.458504095541983
DEN,Denmark,Denmark,2,2,5,9,Denmark,404198757537.9742,2023.0,5976992.0,2024.0,404.1987575379742,5.976992,67625.78192140364,1.505774141909509
AZE,Azerbaijan,Azerbaijan,2,2,3,7,Azerbaijan,72356176470.58824,2023.0,10202830.0,2024.0,72.35617647058824,10.20283,7091.775171260155,0.6860841550824623
CRO,Croatia,Croatia,2,2,3,7,Croatia,82688842717.3926,2023.0,3866200.0,2024.0,82.68884271739259,3.8662,21387.62679566308,1.8105633438518443
CUB,Cuba,Cuba,2,1,6,9,Cuba,107351800000.0,2020.0,10979783.0,2024.0,107.3518,10.979783,9777.224194685814,0.8196883308167384
BRN,Bahrain,Bahrain,2,1,1,4,Bahrain,43205000000.0,2023.0,1588670.0,2024.0,43.205,1.58867,27195.70458307893,2.5178293792921123
SLO,Slovenia,Slovenia,2,1,0,3,Slovenia,68216781410.52277,2023.0,2127400.0,2024.0,68.21678141052277,2.1274,32065.79929045914,1.4101720409890006
AUT,Austria,Austria,2,0,3,5,Austria,516034144115.9503,2023.0,9177982.0,2024.0,516.0341441159503,9.177982,56225.22948028775,0.5447820664716928
HKG,"Hong Kong, China","Hong Kong, China",2,0,2,4,"Hong Kong SAR, China",382054574298.52905,2023.0,7524100.0,2024.0,382.0545742985291,7.5241,50777.445049710805,0.5316250448558631
PHI,Philippines,Philippines,2,0,2,4,Philippines,437146372729.9424,2023.0,115843670.0,2024.0,437.14637272994236,115.84367,3773.5887746817966,0.03452929279605869
ALG,Algeria,Algeria,2,0,1,3,Algeria,239899491127.7424,2023.0,46814308.0,2024.0,239.8994911277424,46.814308,5124.490810111781,0.06408297224002543
INA,Indonesia,Indonesia,2,0,0,2,Indonesia,1371171152331.155,2023.0,283487931.0,2024.0,1371.171152331155,283.487931,4836.788456899617,0.0070549740616647275
ISR,Israel,Israel,1,5,1,7,Israel,509901495702.1033,2023.0,9974400.0,2024.0,509.90149570210326,9.9744,51121.019379822676,0.7017965992941931
POL,Poland,Poland,1,4,5,10,Poland,811229100687.5663,2023.0,36559233.0,2024.0,811.2291006875663,36.559233,22189.44529518894,0.27352871434693393
KAZ,Kazakhstan,Kazakhstan,1,3,3,7,Kazakhstan,261421121085.57208,2023.0,20592571.0,2024.0,261.4211210855721,20.592571,12694.923867717736,0.3399284139896859
JAM,Jamaica,Jamaica,1,3,2,6,Jamaica,19423355367.23718,2023.0,2839175.0,2024.0,19.42335536723718,2.839175,6841.196955889362,2.1132899521868147
RSA,South Africa,South Africa,1,3,2,6,South Africa,377781600985.8731,2023.0,64007187.0,2024.0,377.7816009858731,64.007187,5902.174719627549,0.09373947335007864
THA,Thailand,Thailand,1,3,2,6,Thailand,514944993833.5776,2023.0,71668011.0,2024.0,514.9449938335775,71.668011,7185.1442037867855,0.08371935981312499
ETH,Ethiopia,Ethiopia,1,3,0,4,Ethiopia,163697927593.98236,2023.0,132059767.0,2024.0,163.69792759398237,132.059767,1239.5745601609487,0.0302893158973997
SUI,Switzerland,Switzerland,1,2,5,8,Switzerland,884940402230.4088,2023.0,9005582.0,2024.0,884.9404022304088,9.005582,98265.76474795397,0.8883379219688411
ECU,Ecuador,Ecuador,1,2,2,5,Ecuador,118844826000.0,2023.0,18135478.0,2024.0,118.844826,18.135478,6553.167553675728,0.27570268619332783
POR,Portugal,Portugal,1,2,1,4,Portugal,287080013574.4972,2023.0,10694681.0,2024.0,287.0800135744972,10.694681,26843.251666365475,0.374017700948724
GRE,Greece,Greece,1,1,6,8,Greece,238206312632.5277,2023.0,10405134.0,2024.0,238.2063126325277,10.405134,22893.15184528404,0.7688512228674805
ARG,Argentina,Argentina,1,1,1,3,Argentina,640591410663.8834,2023.0,45696159.0,2024.0,640.5914106638834,45.696159,14018.495748491321,0.06565103207033221
EGY,Egypt,Egypt,1,1,1,3,"Egypt, Arab Rep.",395926075163.0058,2023.0,116538258.0,2024.0,395.9260751630058,116.538258,3397.391397106741,0.025742619217802278
TUN,Tunisia,Tunisia,1,1,1,3,Tunisia,48529595416.65326,2023.0,12277109.0,2024.0,48.52959541665326,12.277109,3952.852044944234,0.24435720168323016
BOT,Botswana,Botswana,1,1,0,2,Botswana,19395765126.312748,2023.0,2521139.0,2024.0,19.39576512631275,2.521139,7693.254963852746,0.7932922381510897
CHI,Chile,Chile,1,1,0,2,Chile,335533331669.2191,2023.0,19764771.0,2024.0,335.53333166921914,19.764771,16976.33287373879,0.10119014280509499
LCA,Saint Lucia,Saint Lucia,1,1,0,2,St. Lucia,2519925938.5244665,2023.0,179744.0,2024.0,2.5199259385244663,0.179744,14019.527430815308,11.126936086879118
UGA,Uganda,Uganda,1,1,0,2,Uganda,49272882213.623,2023.0,50015092.0,2024.0,49.272882213623,50.015092,985.1602834924906,0.03998793004319576
DOM,Dominican Republic,Dominican Republic,1,0,2,3,Dominican Republic,121444279313.9308,2023.0,11427557.0,2024.0,121.4442793139308,11.427557,10627.317747260486,0.26252330222461373
GUA,Guatemala,Guatemala,1,0,1,2,Guatemala,102050473863.63635,2023.0,18406359.0,2024.0,102.05047386363636,18.406359,5544.305305771573,0.10865810017070732
MAR,Morocco,Morocco,1,0,1,2,Morocco,141109373209.41437,2023.0,38081173.0,2024.0,141.10937320941437,38.081173,3705.4891457627728,0.05251939061856104
DMA,Dominica,Dominica,1,0,0,1,Dominica,653992592.5925926,2023.0,66205.0,2024.0,0.6539925925925926,0.066205,9878.296089307343,15.104599350502228
PAK,Pakistan,Pakistan,1,0,0,1,Pakistan,338368455317.8758,2023.0,251269164.0,2024.0,338.36845531787577,251.269164,1346.6374064024656,0.003979795945036853
TUR,Türkiye,Türkiye,0,3,5,8,Turkiye,1108022373259.511,2023.0,85518661.0,2024.0,1108.022373259511,85.518661,12956.498152602167,0.09354683418160628
MEX,Mexico,Mexico,0,3,2,5,Mexico,1788886821046.8132,2023.0,130861007.0,2024.0,1788.8868210468133,130.861007,13670.12880350839,0.03820847871054515
ARM,Armenia,Armenia,0,3,1,4,Armenia,24212134631.064003,2023.0,3033500.0,2024.0,24.212134631064004,3.0335,7981.583857281689,1.3186088676446348
COL,Colombia,Colombia,0,3,1,4,Colombia,363540156234.8684,2023.0,52886363.0,2024.0,363.5401562348684,52.886363,6873.986706835341,0.07563386425343713
KGZ,Kyrgyzstan,Kyrgyzstan,0,2,4,6,Kyrgyz Republic,13987627908.83814,2023.0,7221868.0,2024.0,13.98762790883814,7.221868,1936.8434744083027,0.8308099788032681
LTU,Lithuania,Lithuania,0,2,2,4,Lithuania,77836396962.77196,2023.0,2888278.0,2024.0,77.83639696277196,2.888278,26949.066870561615,1.384908239442325
IND,India,India,0,1,5,6,India,3549918918777.532,2023.0,1450935791.0,2024.0,3549.9189187775323,1450.935791,2446.6409477230495,0.004135262247452547
MDA,Republic of Moldova,Republic of Moldova,0,1,3,4,Moldova,16539436547.294971,2023.0,2402306.0,2024.0,16.539436547294972,2.402306,6884.816733294997,1.6650668149686179
KOS,Kosovo,Kosovo,0,1,1,2,Kosovo,10438351483.167696,2023.0,1594353.0,2024.0,10.438351483167695,1.594353,6547.076766040956,1.2544273445090266
CYP,Cyprus,Cyprus,0,1,0,1,Cyprus,32229622669.195114,2023.0,1358282.0,2024.0,32.229622669195116,1.358282,23728.226295566838,0.7362241419675738
FIJ,Fiji,Fiji,0,1,0,1,Fiji,5494797540.733647,2023.0,928784.0,2024.0,5.494797540733647,0.928784,5916.119938256524,1.07667660080277
JOR,Jordan,Jordan,0,1,0,1,Jordan,50813642348.67464,2023.0,11552876.0,2024.0,50.813642348674634,11.552876,4398.354344725472,0.0865585331306248
MGL,Mongolia,Mongolia,0,1,0,1,Mongolia,19872180369.6275,2023.0,3524788.0,2024.0,19.8721803696275,3.524788,5637.837047115316,0.2837050058046044
PAN,Panama,Panama,0,1,0,1,Panama,83382400000.0,2023.0,4515577.0,2024.0,83.3824,4.515577,18465.502858217234,0.22145564121705819
TJK,Tajikistan,Tajikistan,0,0,3,3,Tajikistan,12060602008.847782,2023.0,10590927.0,2024.0,12.060602008847782,10.590927,1138.7673627481129,0.28326132358385625
ALB,Albania,Albania,0,0,2,2,Albania,22977677860.79785,2023.0,2377128.0,2024.0,22.97767786079785,2.377128,9666.150859691968,0.8413514122924807
GRN,Grenada,Grenada,0,0,2,2,Grenada,1320334235.588974,2023.0,117207.0,2024.0,1.320334235588974,0.117207,11264.977651411384,17.063827245812963
MAS,Malaysia,Malaysia,0,0,2,2,Malaysia,399648828546.5043,2023.0,35557673.0,2024.0,399.64882854650426,35.557673,11239.453958263925,0.056246650336201694
CPV,Cabo Verde,Cabo Verde,0,0,1,1,Cabo Verde,2587252076.305599,2023.0,524877.0,2024.0,2.587252076305599,0.524877,4929.254046768289,1.905208267841799
CIV,Côte d'Ivoire,Côte d'Ivoire,0,0,1,1,Cote d'Ivoire,78788828906.86345,2023.0,31934230.0,2024.0,78.78882890686344,31.93423,2467.221815176488,0.03131436079717595
PER,Peru,Peru,0,0,1,1,Peru,267603248655.2527,2023.0,34217848.0,2024.0,267.6032486552527,34.217848,7820.575059403288,0.02922451464510568
QAT,Qatar,Qatar,0,0,1,1,Qatar,235770403734.9,2022.0,2857822.0,2024.0,235.7704037349,2.857822,82500.03104983445,0.349916824770752
SGP,Singapore,Singapore,0,0,1,1,Singapore,501427500080.0585,2023.0,6036860.0,2024.0,501.42750008005845,6.03686,83060.97873398729,0.1656490294623364
SVK,Slovakia,Slovakia,0,0,1,1,Slovak Republic,132793622283.07095,2023.0,5422069.0,2024.0,132.79362228307096,5.422069,24491.31914091668,0.184431441208144
ZAM,Zambia,Zambia,0,0,1,1,Zambia,28162630953.9285,2023.0,21314956.0,2024.0,28.162630953928502,21.314956,1321.261510177572,0.04691541469754852
