country,flfp_pct
United States,57.5
China,61.1
Japan,55.7
Australia,62.4
France,52.0
Netherlands,58.9
Great Britain,58.4
Korea,54.0
Italy,41.9
Germany,56.9
Canada,61.5
Spain,53.8
Sweden,63.6
Norway,61.1
Brazil,54.5
IR Iran,14.2
Ukraine,49.2
Belgium,49.9
Denmark,58.9
Poland,49.8
Israel,60.3
South Africa,50.4
Switzerland,63.6
Argentina,49.6
Egypt,15.4
Morocco,20.4
Türkiye,34.6
Mexico,45.2
India,32.8
Pakistan,23.4
Saudi Arabia,33.6
Indonesia,53.3
Philippines,46.2
Malaysia,55.8
Nigeria,50.7
Jordan,14.0
Qatar,57.5
Kenya,72.1
Ethiopia,74.8
Uganda,74.7
Algeria,15.5
Tunisia,25.4
